﻿<?xml version="1.0" encoding="UTF-8"?>
<Settings xmlns:xsi="http://www.w3.org/2001/XMLSchema-instance">
  <Settings Name="com.vector.cfg.core.sip.ISIPService">
    <Settings Name="ModuleList">
      <Settings Name="Os">
        <Settings Name="TC21x">
          <Setting Name="Compiler" Value="Diab[44266E21-0E8C-4DDA-B800-91CE20104931];Gnu[0BC31EDC-4673-4734-8DCA-5E741868A5A4];H_G[E7BC1F6B-0DF4-4345-BE50-A9AE95AF99A7];GreenHills[BBC47DF5-C78B-4E8E-8F86-0EF503FD3198];Tasking[8DB6C5C5-6807-4601-B7B7-68A4A5B277F6]" />
        </Settings>
        <Settings Name="TC22x">
          <Setting Name="Compiler" Value="Diab[44266E21-0E8C-4DDA-B800-91CE20104931];Gnu[0BC31EDC-4673-4734-8DCA-5E741868A5A4];H_G[E7BC1F6B-0DF4-4345-BE50-A9AE95AF99A7];GreenHills[BBC47DF5-C78B-4E8E-8F86-0EF503FD3198];Tasking[8DB6C5C5-6807-4601-B7B7-68A4A5B277F6]" />
        </Settings>
        <Settings Name="TC23x">
          <Setting Name="Compiler" Value="Diab[44266E21-0E8C-4DDA-B800-91CE20104931];Gnu[0BC31EDC-4673-4734-8DCA-5E741868A5A4];H_G[E7BC1F6B-0DF4-4345-BE50-A9AE95AF99A7];GreenHills[BBC47DF5-C78B-4E8E-8F86-0EF503FD3198];Tasking[8DB6C5C5-6807-4601-B7B7-68A4A5B277F6]" />
        </Settings>
        <Settings Name="TC24x">
          <Setting Name="Compiler" Value="Diab[44266E21-0E8C-4DDA-B800-91CE20104931];Gnu[0BC31EDC-4673-4734-8DCA-5E741868A5A4];H_G[E7BC1F6B-0DF4-4345-BE50-A9AE95AF99A7];GreenHills[BBC47DF5-C78B-4E8E-8F86-0EF503FD3198];Tasking[8DB6C5C5-6807-4601-B7B7-68A4A5B277F6]" />
        </Settings>
        <Settings Name="TC26x">
          <Setting Name="Compiler" Value="Diab[44266E21-0E8C-4DDA-B800-91CE20104931];Gnu[0BC31EDC-4673-4734-8DCA-5E741868A5A4];H_G[E7BC1F6B-0DF4-4345-BE50-A9AE95AF99A7];GreenHills[BBC47DF5-C78B-4E8E-8F86-0EF503FD3198];Tasking[8DB6C5C5-6807-4601-B7B7-68A4A5B277F6]" />
        </Settings>
        <Settings Name="TC27x">
          <Setting Name="Compiler" Value="Diab[44266E21-0E8C-4DDA-B800-91CE20104931];Gnu[0BC31EDC-4673-4734-8DCA-5E741868A5A4];H_G[E7BC1F6B-0DF4-4345-BE50-A9AE95AF99A7];GreenHills[BBC47DF5-C78B-4E8E-8F86-0EF503FD3198];Tasking[8DB6C5C5-6807-4601-B7B7-68A4A5B277F6]" />
        </Settings>
        <Settings Name="TC29x">
          <Setting Name="Compiler" Value="Diab[44266E21-0E8C-4DDA-B800-91CE20104931];Gnu[0BC31EDC-4673-4734-8DCA-5E741868A5A4];H_G[E7BC1F6B-0DF4-4345-BE50-A9AE95AF99A7];GreenHills[BBC47DF5-C78B-4E8E-8F86-0EF503FD3198];Tasking[8DB6C5C5-6807-4601-B7B7-68A4A5B277F6]" />
        </Settings>
        <Settings Name="TC39x">
          <Setting Name="Compiler" Value="Diab[44266E21-0E8C-4DDA-B800-91CE20104931];Gnu[0BC31EDC-4673-4734-8DCA-5E741868A5A4];H_G[E7BC1F6B-0DF4-4345-BE50-A9AE95AF99A7];GreenHills[BBC47DF5-C78B-4E8E-8F86-0EF503FD3198];Tasking[8DB6C5C5-6807-4601-B7B7-68A4A5B277F6]" />
        </Settings>
        <Settings Name="TC38x">
          <Setting Name="Compiler" Value="Diab[44266E21-0E8C-4DDA-B800-91CE20104931];Gnu[0BC31EDC-4673-4734-8DCA-5E741868A5A4];H_G[E7BC1F6B-0DF4-4345-BE50-A9AE95AF99A7];GreenHills[BBC47DF5-C78B-4E8E-8F86-0EF503FD3198];Tasking[8DB6C5C5-6807-4601-B7B7-68A4A5B277F6]" />
        </Settings>
        <Settings Name="TC35x">
          <Setting Name="Compiler" Value="Diab[44266E21-0E8C-4DDA-B800-91CE20104931];Gnu[0BC31EDC-4673-4734-8DCA-5E741868A5A4];H_G[E7BC1F6B-0DF4-4345-BE50-A9AE95AF99A7];GreenHills[BBC47DF5-C78B-4E8E-8F86-0EF503FD3198];Tasking[8DB6C5C5-6807-4601-B7B7-68A4A5B277F6]" />
        </Settings>
        <Settings Name="TC33x">
          <Setting Name="Compiler" Value="Diab[44266E21-0E8C-4DDA-B800-91CE20104931];Gnu[0BC31EDC-4673-4734-8DCA-5E741868A5A4];H_G[E7BC1F6B-0DF4-4345-BE50-A9AE95AF99A7];GreenHills[BBC47DF5-C78B-4E8E-8F86-0EF503FD3198];Tasking[8DB6C5C5-6807-4601-B7B7-68A4A5B277F6]" />
        </Settings>
        <Settings Name="TC37x">
          <Setting Name="Compiler" Value="Diab[44266E21-0E8C-4DDA-B800-91CE20104931];Gnu[0BC31EDC-4673-4734-8DCA-5E741868A5A4];H_G[E7BC1F6B-0DF4-4345-BE50-A9AE95AF99A7];GreenHills[BBC47DF5-C78B-4E8E-8F86-0EF503FD3198];Tasking[8DB6C5C5-6807-4601-B7B7-68A4A5B277F6]" />
        </Settings>
        <Settings Name="TC36x">
          <Setting Name="Compiler" Value="Diab[44266E21-0E8C-4DDA-B800-91CE20104931];Gnu[0BC31EDC-4673-4734-8DCA-5E741868A5A4];H_G[E7BC1F6B-0DF4-4345-BE50-A9AE95AF99A7];GreenHills[BBC47DF5-C78B-4E8E-8F86-0EF503FD3198];Tasking[8DB6C5C5-6807-4601-B7B7-68A4A5B277F6]" />
        </Settings>
        <Settings Name="TC32x">
          <Setting Name="Compiler" Value="Diab[44266E21-0E8C-4DDA-B800-91CE20104931];Gnu[0BC31EDC-4673-4734-8DCA-5E741868A5A4];GreenHills[BBC47DF5-C78B-4E8E-8F86-0EF503FD3198];H_G[E7BC1F6B-0DF4-4345-BE50-A9AE95AF99A7];Tasking[8DB6C5C5-6807-4601-B7B7-68A4A5B277F6]" />
        </Settings>
        <Settings Name="TC33xD">
          <Setting Name="Compiler" Value="Diab[44266E21-0E8C-4DDA-B800-91CE20104931];Gnu[0BC31EDC-4673-4734-8DCA-5E741868A5A4];GreenHills[BBC47DF5-C78B-4E8E-8F86-0EF503FD3198];H_G[E7BC1F6B-0DF4-4345-BE50-A9AE95AF99A7];Tasking[8DB6C5C5-6807-4601-B7B7-68A4A5B277F6]" />
        </Settings>
        <Settings Name="TC37xD">
          <Setting Name="Compiler" Value="Diab[44266E21-0E8C-4DDA-B800-91CE20104931];Gnu[0BC31EDC-4673-4734-8DCA-5E741868A5A4];GreenHills[BBC47DF5-C78B-4E8E-8F86-0EF503FD3198];H_G[E7BC1F6B-0DF4-4345-BE50-A9AE95AF99A7];Tasking[8DB6C5C5-6807-4601-B7B7-68A4A5B277F6]" />
        </Settings>
        <Settings Name="TC3ExQ">
          <Setting Name="Compiler" Value="Diab[44266E21-0E8C-4DDA-B800-91CE20104931];Gnu[0BC31EDC-4673-4734-8DCA-5E741868A5A4];GreenHills[BBC47DF5-C78B-4E8E-8F86-0EF503FD3198];H_G[E7BC1F6B-0DF4-4345-BE50-A9AE95AF99A7];Tasking[8DB6C5C5-6807-4601-B7B7-68A4A5B277F6]" />
        </Settings>
        <Settings Name="TC38xT">
          <Setting Name="Compiler" Value="Diab[44266E21-0E8C-4DDA-B800-91CE20104931];Gnu[0BC31EDC-4673-4734-8DCA-5E741868A5A4];GreenHills[BBC47DF5-C78B-4E8E-8F86-0EF503FD3198];H_G[E7BC1F6B-0DF4-4345-BE50-A9AE95AF99A7];Tasking[8DB6C5C5-6807-4601-B7B7-68A4A5B277F6]" />
        </Settings>
        <Settings Name="TC39xQ">
          <Setting Name="Compiler" Value="Diab[44266E21-0E8C-4DDA-B800-91CE20104931];Gnu[0BC31EDC-4673-4734-8DCA-5E741868A5A4];GreenHills[BBC47DF5-C78B-4E8E-8F86-0EF503FD3198];H_G[E7BC1F6B-0DF4-4345-BE50-A9AE95AF99A7];Tasking[8DB6C5C5-6807-4601-B7B7-68A4A5B277F6]" />
        </Settings>
        <Settings Name="TC49x">
          <Setting Name="Compiler" Value="Diab[44266E21-0E8C-4DDA-B800-91CE20104931];Gnu[0BC31EDC-4673-4734-8DCA-5E741868A5A4];GreenHills[BBC47DF5-C78B-4E8E-8F86-0EF503FD3198];H_G[E7BC1F6B-0DF4-4345-BE50-A9AE95AF99A7];Tasking[8DB6C5C5-6807-4601-B7B7-68A4A5B277F6]" />
        </Settings>
      </Settings>
    </Settings>
  </Settings>
</Settings>