<?xml version="1.0" encoding="UTF-8" standalone="yes"?>
<Settings>
    <Settings Name="com.vector.cfg.SipPathLookup">
        <Setting Name="PCKG-05E4BF1C-51C5-429F-81E3-6EBE3DED0E79:pwg_preprocessor.exe:dir" Value="Components\E2EPW\Generator"/>
        <Setting Name="PCKG-05E4BF1C-51C5-429F-81E3-6EBE3DED0E79:pwg_preprocessor.exe:name" Value="pwg_preprocessor.exe"/>
        <Setting Name="PCKG-12CBB8F8-ECDB-443F-8E86-5EBA613F4C6C:DVCfgRteGen.exe:dir" Value="Components\Rte\Generator"/>
        <Setting Name="PCKG-12CBB8F8-ECDB-443F-8E86-5EBA613F4C6C:DVCfgRteGen.exe:name" Value="DVCfgRteGen.exe"/>
        <Setting Name="PCKG-18C9D59D-D83F-487A-9740-EFF5C6249A41:pwg.exe:dir" Value="Components\E2EPW\Generator"/>
        <Setting Name="PCKG-18C9D59D-D83F-487A-9740-EFF5C6249A41:pwg.exe:name" Value="pwg.exe"/>
        <Setting Name="PCKG-8BA47229-CFD4-4F9C-9FDA-4DAB9262B3FF:Com.c:dir" Value="Components\Com\Implementation"/>
        <Setting Name="PCKG-C61EBEE0-5B1F-4C95-B2F1-E201A14FF09D:DVMcDataConverter.exe:dir" Value="Misc\McDataConv\Application"/>
    </Settings>
</Settings>
