<?xml version="1.0" encoding="UTF-8"?>
<!--
============================================================================

Copyright (c) 2021 by Vector Informatik GmbH. All rights reserved.

This software is copyright protected and proprietary to Vector Informatik GmbH.
Vector Informatik GmbH grants to you only those rights as set out in the license conditions.
All other rights remain with Vector Informatik GmbH.

============================================================================

This file is needed for internal use.
Please do not modify this file, otherwise the software may behave in
unexpected way.

============================================================================

============================================================================
                P R O J E C T
============================================================================
Module
=======================

============================================================================
                R E V I S I O N   H I S T O R Y
============================================================================
Date		Version	Author	Description
=========	=======	=======	=================================================
Refer to Settings_TC3xx.xml
*****************************************************************************
-->
<Settings>
	<Settings Name="com.vector.cfg.gen.Tresos_proxy.settings.TresosSettings">
		<Setting Name="TresosFolder" Value="$(SipRootPath)\ThirdParty\Mcal_Tc3xx\Supply\tresos"/>
		<Setting Name="IgnoreTresosMsgIDs" Value="1648,1055,1072"/>
		<!-- Transmit the ASR version to Tresos generator; valid values can be found in the Tresos folder Tresos\autosar\<Value> (in this example '4.0.3'); since Tresos Proxy Generator 3.01.00 -->
		<Setting Name="RequiredAsVersion" Value="4.4.0"/>
		<Setting Name="SpecificAsVersionRequired" Value="true"/>
		<Setting Name="GenerateModulesAtOnce" Value="true"/>
		<Setting Name="TransformationXsltFile" Value="$(SipRootPath)\Components\Mcal_Tc3xx\GeneratorMsr\prepare_output_TC3xx.xsl"/>
	</Settings>
</Settings>
