﻿<?xml version="1.0" encoding="UTF-8"?>
<Settings xmlns:xsi="http://www.w3.org/2001/XMLSchema-instance">
  <Settings Name="com.vector.cfg.core.sip.ISIPService">
    <Settings Name="ModuleList">
      <Settings Name="Can">
        <Settings Name="Can_TC3xx_TT">
          <Setting Name="SIP_Folder" Value="Can" />
          <Settings Name="6421B967-41D8-4F99-AFF2-715BF3A5F8D6">
            <Setting Name="Derivative" Value="TC399X_StepB" />
            <Setting Name="SIP_Folder" Value="Can" />
            <Setting Name="ReleaseType" Value="Tested" />
          </Settings>
        </Settings>
      </Settings>
    </Settings>
  </Settings>
</Settings>